Mass-society theory suggests that:,the content of the media is determined by market forces,the subordinate classes are dominated by the ideology of the ruling class,"the media manipulate 'the masses' as vulnerable, passive consumers",audiences make selective interpretations of media messages,C,True
The ecological approach to urban sociology involved studying:,how social groups colonized different areas of the city and competed for resources,the forms of wildlife and natural habitats that could be found on the edges of the city,the way in which people organized collective protests about environmental issues,how men and women used the city's public spaces differently,A,True
Becker proclaimed that cannabis use was:,increasing throughout all sections of youth in the 1970s,learned gradually through the social processes of a deviant career,a dangerous pastime that young people should not be allowed to pursue,not as enjoyable as other sociologists had suggested,B,True
The middle classes that developed over the nineteenth century were:,"an urban set, involved in civic bodies and voluntary associations",too diverse to have a strong sense of class consciousness,often involved in 'white collar' work,all of the above,D,True
Technological forms of surveillance have made it easier to:,access and exchange 'private' information about consumers,reduce prison overcrowding by the use of electronic tagging,monitor employees' activities at work,all of the above,D,True
The concept of gemeinschaft developed by Ferdinand TÃ¶nnies describes basically the same relational characteristics as,organic solidarity,mechanical solidarity,gesellschaft,anomie,B,False
There was a growth in income inequality in the 1980s because:,rates of income tax increased equally for all occupational groups,there were more professional jobs available but not enough people to fill them,the price of consumer goods rose at a higher rate than earnings,growing unemployment made more people dependent on welfare benefits,D,False
"If a deviant act is 'normalized', it is:",recognised as breaking an important norm of behaviour,seen a temporary aberration from an otherwise 'normal' character,the first step in establishing a deviant career,attributed to the person's genetic or anatomical make up,B,False
"In the debate about the 'managerial revolution', John Scott (1997) argued that:",owners still exercised control through groups of shareholders and interlocking directorships,ownership and management were becoming increasingly separate functions,the techniques of scientific management were overly bureaucratic and inefficient,managers were becoming dissatisfied with their working conditions and planned to overthrow the owners of businesses,A,False
Marxist feminists explain patriarchy in terms of:,a lack of equal rights and opportunities for men and women,"sex classes, through which men oppress women economically, politically and sexually",women's domestic labour being exploited by the capitalist economy,the dual systems of capitalism and male domination,C,False
Which of the following was not defined by Giddens (1998) as part of New Labour's 'third way':,the democratization of the family,putting an end to privatization,"positive welfare: 'a hand up, not a hand-out'",the strengthening of civil society,B,True
Anti-psychiatrists like Laing & Esterson believed that:,Psychiatry was an out-moded form of treatment and should be replaced by alternative therapies like aromatherapy and kinesiology,"Mental illnesses were biological in origin, so there was no point in studying 'the mind' as experienced by the patient",Psychiatrists were agents of capitalism who tried to instill ruling class ideology into their patients,Behaviour that seemed bizarre could be seen as a reasonable response to disturbed patterns of family interaction,D,False
Butler & Stokes (1969) suggested that working class support for the Labour Party arose from:,socialization into working class families and communities,rational calculation of self-interest,issue-based concerns about culture and lifestyle,false consciousness and the acceptance of hegemonic values,A,True
"In contemporary societies, social institutions are:","highly specialized, interrelated sets of social practices",disorganized social relations in a postmodern world,virtual communities in cyberspace,no longer relevant to sociology,A,True
The term 'emotion work' (Hochschild 1983) refers to:,the techniques used to consciously manage and present emotions that are deemed appropriate for public settings of interaction,"the work done by psychologists, counselors and therapists to help clients with mental and emotional problems","experiences such as grieving and falling in love, which demand a lot of emotional energy from a person",the way in which increasing levels of risk and anxiety have made us think more reflexively about our self-identities,A,True
"When sociologists study the structure of layers in society and people's movement between them, they call this:",social stratification,social control,social conflict,social solidarity,A,True
"The four ideal types of social action that Weber identified were as follows: instrumentally-rational, value-rational, traditional, and...",affectual,affective,effective,infected,A,False
An ecclesia is:,a religious organization that claims total spiritual authority over its members,a church organized around voluntary rather than compulsory membership,a sect or cult with a very small following,a hierarchy of priests or other spiritual leaders,A,True
"After slavery was abolished in the USA and British Empire, policy makers claimed that former slaves migrating to these cities would experience:",assimilation,adaptation,discrimination,compensation,A,False
Sutherland's study of the 'professional thief' suggested that:,people are socialized into a life of crime by associating with others who define it in positive terms,the majority of crime is committed by middle class people in professional occupations,those who were arrested and charged with theft did not define themselves as thieves,the most dangerous criminals on the street were those who were highly skilled thieves,A,False
